[
  {
    "id": 1,
    "name": "742 Evergreen Terrace",
    "image_path": "/location/1.webp",
    "town": "Springfield",
    "use": "Residential"
  },
  {
    "id": 2,
    "name": "Springfield Nuclear Power Plant",
    "image_path": "/location/2.webp",
    "town": "Springfield",
    "use": "Energy Source"
  },
  {
    "id": 3,
    "name": "Springfield Elementary School",
    "image_path": "/location/3.webp",
    "town": "Springfield",
    "use": "Education"
  },
  {
    "id": 4,
    "name": "Kwik-E-Mart",
    "image_path": "/location/4.webp",
    "town": "Springfield",
    "use": "Convenience Store"
  },
  {
    "id": 5,
    "name": "Moe's Tavern",
    "image_path": "/location/5.webp",
    "town": "Springfield",
    "use": "Bar"
  },
  {
    "id": 6,
    "name": "Springfield General Hospital",
    "image_path": "/location/6.webp",
    "town": "Springfield",
    "use": "Hospital"
  },
  {
    "id": 7,
    "name": "Springfield Town Square",
    "image_path": "/location/7.webp",
    "town": "Springfield",
    "use": "Square"
  },
  {
    "id": 8,
    "name": "Springfield Police Station",
    "image_path": "/location/8.webp",
    "town": "Springfield",
    "use": "Law enforcement"
  },
  {
    "id": 9,
    "name": "Springfield Cemetery",
    "image_path": "/location/9.webp",
    "town": "Springfield",
    "use": "Cemetery"
  },
  {
    "id": 10,
    "name": "Springfield Retirement Castle",
    "image_path": "/location/10.webp",
    "town": "Springfield",
    "use": "Nursing Home"
  },
  {
    "id": 11,
    "name": "Krusty Burger",
    "image_path": "/location/11.webp",
    "town": "",
    "use": "Fast food chain"
  },
  {
    "id": 12,
    "name": "Krustylu Studios",
    "image_path": "/location/12.webp",
    "town": "Springfield",
    "use": "Media"
  },
  {
    "id": 13,
    "name": "Springfield Penitentiary",
    "image_path": "/location/13.webp",
    "town": "Springfield",
    "use": "Prison"
  },
  {
    "id": 14,
    "name": "Springfield Mall",
    "image_path": "/location/14.webp",
    "town": "Springfield",
    "use": "Shops and restaurants"
  },
  {
    "id": 15,
    "name": "Duff Brewery",
    "image_path": "/location/15.webp",
    "town": "Springfield, Capital City",
    "use": "Beer factory"
  },
  {
    "id": 16,
    "name": "First Church of Springfield",
    "image_path": "/location/16.webp",
    "town": "Springfield",
    "use": "Place of Worship"
  },
  {
    "id": 17,
    "name": "Springfield City Zoo",
    "image_path": "/location/17.webp",
    "town": "Springfield",
    "use": "Zoo"
  },
  {
    "id": 18,
    "name": "The Android's Dungeon & Baseball Card Shop",
    "image_path": "/location/18.webp",
    "town": "Springfield",
    "use": "Comic shop"
  },
  {
    "id": 19,
    "name": "Burns Manor",
    "image_path": "/location/19.webp",
    "town": "",
    "use": "Residential"
  },
  {
    "id": 20,
    "name": "Capital City",
    "image_path": "/location/20.webp",
    "town": "",
    "use": ""
  },
  {
    "id": 21,
    "name": "Shelbyville",
    "image_path": "/location/21.webp",
    "town": "",
    "use": ""
  },
  {
    "id": 22,
    "name": "Springfield Union Station",
    "image_path": "/location/22.webp",
    "town": "Springfield",
    "use": "Train station"
  },
  {
    "id": 23,
    "name": "Springfield Subway System",
    "image_path": "/location/23.webp",
    "town": "Springfield",
    "use": "Transportation"
  },
  {
    "id": 24,
    "name": "Springfield Opera House",
    "image_path": "/location/24.webp",
    "town": "Springfield",
    "use": "Hosting operas"
  },
  {
    "id": 25,
    "name": "Bart's Treehouse",
    "image_path": "/location/25.webp",
    "town": "Springfield",
    "use": "Treehouse"
  },
  {
    "id": 26,
    "name": "Springfield Gorge",
    "image_path": "/location/26.webp",
    "town": "Springfield",
    "use": "Natural tourist attraction"
  },
  {
    "id": 27,
    "name": "744 Evergreen Terrace",
    "image_path": "/location/27.webp",
    "town": "Springfield",
    "use": "Residential"
  },
  {
    "id": 28,
    "name": "12th Avenue",
    "image_path": "/location/28.webp",
    "town": "Springfield",
    "use": "Street"
  },
  {
    "id": 29,
    "name": "19 Fish Smell Drive",
    "image_path": "/location/29.webp",
    "town": "Springfield",
    "use": "Residential"
  },
  {
    "id": 30,
    "name": "27 Rural Route 9",
    "image_path": "/location/30.webp",
    "town": "Springfield",
    "use": "Residential"
  },
  {
    "id": 31,
    "name": "316 Pikeland Ave.",
    "image_path": "/location/31.webp",
    "town": "Springfield",
    "use": "Residential"
  },
  {
    "id": 32,
    "name": "3rd Street Station",
    "image_path": "/location/32.webp",
    "town": "Springfield",
    "use": "Subway station"
  },
  {
    "id": 33,
    "name": "57 Walnut Street",
    "image_path": "/location/33.webp",
    "town": "Springfield",
    "use": "Residential"
  },
  {
    "id": 34,
    "name": "725 Evergreen Terrace",
    "image_path": "/location/34.webp",
    "town": "Springfield",
    "use": "Residential"
  },
  {
    "id": 35,
    "name": "732 Evergreen Terrace",
    "image_path": "/location/35.webp",
    "town": "Springfield",
    "use": "Residential"
  },
  {
    "id": 36,
    "name": "734 Evergreen Terrace",
    "image_path": "/location/36.webp",
    "town": "Springfield",
    "use": "Residential"
  },
  {
    "id": 37,
    "name": "740 Evergreen Terrace (Brown House)",
    "image_path": "/location/37.webp",
    "town": "Springfield",
    "use": "Residential"
  },
  {
    "id": 38,
    "name": "743 Evergreen Terrace",
    "image_path": "/location/38.webp",
    "town": "Springfield",
    "use": "Residential"
  },
  {
    "id": 39,
    "name": "754 Evergreen Terrace",
    "image_path": "/location/39.webp",
    "town": "Springfield",
    "use": "ResidentialLab"
  },
  {
    "id": 40,
    "name": "82 Evergreen Terrace",
    "image_path": "/location/40.webp",
    "town": "Springfield",
    "use": "Residential"
  },
  {
    "id": 41,
    "name": "Abandoned Lighthouse",
    "image_path": "/location/41.webp",
    "town": "Springfield",
    "use": "Lighthouse"
  },
  {
    "id": 42,
    "name": "Abercrombie and Rich",
    "image_path": "/location/42.webp",
    "town": "Springfield",
    "use": "Shop"
  },
  {
    "id": 43,
    "name": "Adult Education Annex",
    "image_path": "/location/43.webp",
    "town": "Springfield",
    "use": "Education Facility"
  },
  {
    "id": 44,
    "name": "Afghanistan",
    "image_path": "/location/44.webp",
    "town": "",
    "use": ""
  },
  {
    "id": 45,
    "name": "Ah, Fudge! Factory",
    "image_path": "/location/45.webp",
    "town": "Springfield",
    "use": "Fudge making"
  },
  {
    "id": 46,
    "name": "Alaska",
    "image_path": "/location/46.webp",
    "town": "",
    "use": ""
  },
  {
    "id": 47,
    "name": "Albania",
    "image_path": "/location/47.webp",
    "town": "",
    "use": ""
  },
  {
    "id": 48,
    "name": "Algeria",
    "image_path": "/location/48.webp",
    "town": "",
    "use": ""
  },
  {
    "id": 49,
    "name": "Alkali Flats",
    "image_path": "/location/49.webp",
    "town": "Springfield",
    "use": "Natural landmark"
  },
  {
    "id": 50,
    "name": "All Creatures Great and Cheap",
    "image_path": "/location/50.webp",
    "town": "Springfield",
    "use": "Pet store inside the Springfield Mall"
  },
  {
    "id": 51,
    "name": "Alley",
    "image_path": "/location/51.webp",
    "town": "Springfield and Waverly Hills",
    "use": ""
  },
  {
    "id": 52,
    "name": "Amazon Rainforest",
    "image_path": "/location/52.webp",
    "town": "None",
    "use": ""
  },
  {
    "id": 53,
    "name": "Amish Country",
    "image_path": "/location/53.webp",
    "town": "",
    "use": "Holiday destination"
  },
  {
    "id": 54,
    "name": "Another Government Highway Project That Will Never End",
    "image_path": "/location/54.webp",
    "town": "Springfield",
    "use": "Highway Construction Project"
  },
  {
    "id": 55,
    "name": "Antarctica",
    "image_path": "/location/55.webp",
    "town": "",
    "use": ""
  },
  {
    "id": 56,
    "name": "Antiques",
    "image_path": "/location/56.webp",
    "town": "Springfield",
    "use": "Antiques store"
  },
  {
    "id": 57,
    "name": "Aphrodite Inn",
    "image_path": "/location/57.webp",
    "town": "Springfield",
    "use": "Inn"
  },
  {
    "id": 58,
    "name": "Apu's apartment",
    "image_path": "/location/58.webp",
    "town": "Springfield",
    "use": "Residential"
  },
  {
    "id": 59,
    "name": "Arby's",
    "image_path": "/location/59.webp",
    "town": "Springfield",
    "use": "Fast food restaurant"
  },
  {
    "id": 60,
    "name": "Argentina",
    "image_path": "/location/60.webp",
    "town": "",
    "use": ""
  },
  {
    "id": 61,
    "name": "Australia",
    "image_path": "/location/61.webp",
    "town": "",
    "use": ""
  },
  {
    "id": 62,
    "name": "Austria",
    "image_path": "/location/62.webp",
    "town": "",
    "use": ""
  },
  {
    "id": 63,
    "name": "Ayn Rand School for Tots",
    "image_path": "/location/63.webp",
    "town": "Springfield",
    "use": "Daycare Center"
  },
  {
    "id": 64,
    "name": "Azerbaijan",
    "image_path": "/location/64.webp",
    "town": "",
    "use": ""
  },
  {
    "id": 65,
    "name": "Aztec Theater",
    "image_path": "/location/65.webp",
    "town": "Springfield",
    "use": "Movie theater"
  },
  {
    "id": 66,
    "name": "Bachelor Arms",
    "image_path": "/location/66.webp",
    "town": "Springfield",
    "use": "Apartments"
  },
  {
    "id": 67,
    "name": "Barney's apartment",
    "image_path": "/location/67.webp",
    "town": "Springfield",
    "use": "Residential"
  },
  {
    "id": 68,
    "name": "Barney's Bowlarama",
    "image_path": "/location/68.webp",
    "town": "Springfield",
    "use": "Bowling"
  },
  {
    "id": 69,
    "name": "Bart Boulevard",
    "image_path": "/location/69.webp",
    "town": "Springfield",
    "use": ""
  },
  {
    "id": 70,
    "name": "Beachwear",
    "image_path": "/location/70.webp",
    "town": "Springfield",
    "use": "Clothing store"
  },
  {
    "id": 71,
    "name": "Belarus",
    "image_path": "/location/71.webp",
    "town": "",
    "use": ""
  },
  {
    "id": 72,
    "name": "Belgium",
    "image_path": "/location/72.webp",
    "town": "",
    "use": ""
  },
  {
    "id": 73,
    "name": "Belize",
    "image_path": "/location/73.webp",
    "town": "",
    "use": ""
  },
  {
    "id": 74,
    "name": "Berger's Burgers",
    "image_path": "/location/74.webp",
    "town": "Springfield",
    "use": "Fast food restaurant"
  },
  {
    "id": 75,
    "name": "Berlin",
    "image_path": "/location/75.webp",
    "town": "",
    "use": ""
  },
  {
    "id": 76,
    "name": "Bermuda",
    "image_path": "/location/76.webp",
    "town": "",
    "use": ""
  },
  {
    "id": 77,
    "name": "BetterThanTV.com",
    "image_path": "/location/77.webp",
    "town": "Springfield",
    "use": "Internet animation studio"
  },
  {
    "id": 78,
    "name": "Big Ben",
    "image_path": "/location/78.webp",
    "town": "London",
    "use": "Tourist attraction/Clock tower"
  },
  {
    "id": 79,
    "name": "Birthplace of Jebediah Springfield",
    "image_path": "/location/79.webp",
    "town": "Springfield",
    "use": "Birthplace where Jebediah Springfield was born"
  },
  {
    "id": 80,
    "name": "Blarney Castle",
    "image_path": "/location/80.webp",
    "town": "Blarney",
    "use": "Castle"
  },
  {
    "id": 81,
    "name": "Bloaters at the Squidport",
    "image_path": "/location/81.webp",
    "town": "Springfield",
    "use": "Shop"
  },
  {
    "id": 82,
    "name": "Blocko Store",
    "image_path": "/location/82.webp",
    "town": "Springfield",
    "use": "Shop"
  },
  {
    "id": 83,
    "name": "Bob's RV Round-Up",
    "image_path": "/location/83.webp",
    "town": "Springfield",
    "use": "RV Dealership"
  },
  {
    "id": 84,
    "name": "Bob's Victorian House",
    "image_path": "/location/84.webp",
    "town": "Springfield",
    "use": "Home"
  },
  {
    "id": 85,
    "name": "Bookaccino's",
    "image_path": "/location/85.webp",
    "town": "Springfield",
    "use": "Bookstore"
  },
  {
    "id": 86,
    "name": "Books",
    "image_path": "/location/86.webp",
    "town": "Springfield",
    "use": "Bookstore"
  },
  {
    "id": 87,
    "name": "Bosnia and Herzegovina",
    "image_path": "/location/87.webp",
    "town": "",
    "use": ""
  },
  {
    "id": 88,
    "name": "Brazil",
    "image_path": "/location/88.webp",
    "town": "",
    "use": ""
  },
  {
    "id": 89,
    "name": "Brockway",
    "image_path": "/location/89.webp",
    "town": "",
    "use": ""
  },
  {
    "id": 90,
    "name": "Broken-Home Chimney Repair",
    "image_path": "/location/90.webp",
    "town": "Springfield",
    "use": "Repair store"
  },
  {
    "id": 91,
    "name": "Brunei",
    "image_path": "/location/91.webp",
    "town": "",
    "use": ""
  },
  {
    "id": 92,
    "name": "Builders' Barn",
    "image_path": "/location/92.webp",
    "town": "Springfield",
    "use": "Hardware store"
  },
  {
    "id": 93,
    "name": "Burns Family Mausoleum",
    "image_path": "/location/93.webp",
    "town": "Springfield Cemetery, Springfield",
    "use": "Tomb"
  },
  {
    "id": 94,
    "name": "Bush House",
    "image_path": "/location/94.webp",
    "town": "Springfield",
    "use": "Residential"
  },
  {
    "id": 95,
    "name": "Buzz Cola Dome",
    "image_path": "/location/95.webp",
    "town": "Springfield",
    "use": "Football stadium"
  },
  {
    "id": 96,
    "name": "Caesar's Pow-Wow Casino",
    "image_path": "/location/96.webp",
    "town": "Near Larva Lake",
    "use": "Gambling"
  },
  {
    "id": 97,
    "name": "California",
    "image_path": "/location/97.webp",
    "town": "",
    "use": ""
  },
  {
    "id": 98,
    "name": "Calmwood Mental Hospital",
    "image_path": "/location/98.webp",
    "town": "Springfield",
    "use": "Mental hospital"
  },
  {
    "id": 99,
    "name": "Cambodia",
    "image_path": "/location/99.webp",
    "town": "",
    "use": ""
  },
  {
    "id": 100,
    "name": "Canada",
    "image_path": "/location/100.webp",
    "town": "",
    "use": ""
  },
  {
    "id": 101,
    "name": "Candy Most Dandy",
    "image_path": "/location/101.webp",
    "town": "Springfield",
    "use": "Candy store"
  },
  {
    "id": 102,
    "name": "Capital City Convention Center",
    "image_path": "/location/102.webp",
    "town": "Capital City",
    "use": "Convention Center"
  },
  {
    "id": 103,
    "name": "Capital City Stadium",
    "image_path": "/location/103.webp",
    "town": "Capital City",
    "use": "Sporting Events"
  },
  {
    "id": 104,
    "name": "Capitol Building",
    "image_path": "/location/104.webp",
    "town": "Capital City",
    "use": "Government Building"
  },
  {
    "id": 105,
    "name": "Car Wash",
    "image_path": "/location/105.webp",
    "town": "Springfield",
    "use": "Car Wash"
  },
  {
    "id": 106,
    "name": "Casino",
    "image_path": "/location/106.webp",
    "town": "Las Vegas",
    "use": "Casino"
  },
  {
    "id": 107,
    "name": "Center for Geriatric Medicine",
    "image_path": "/location/107.webp",
    "town": "Springfield",
    "use": "Medical Center"
  },
  {
    "id": 108,
    "name": "Chicago",
    "image_path": "/location/108.webp",
    "town": "",
    "use": ""
  },
  {
    "id": 109,
    "name": "Cinnabun",
    "image_path": "/location/109.webp",
    "town": "Springfield",
    "use": "Restaurant"
  },
  {
    "id": 110,
    "name": "Clay Jars",
    "image_path": "/location/110.webp",
    "town": "Springfield",
    "use": "Clay jar store"
  },
  {
    "id": 111,
    "name": "Coffee Shop (Bowlarama)",
    "image_path": "/location/111.webp",
    "town": "Springfield",
    "use": "Coffeehouse"
  },
  {
    "id": 112,
    "name": "Coffee Shop (Springfield Heights)",
    "image_path": "/location/112.webp",
    "town": "Springfield",
    "use": "Coffee shop"
  },
  {
    "id": 113,
    "name": "The Copy Jalopy",
    "image_path": "/location/113.webp",
    "town": "Springfield",
    "use": "Copying center"
  },
  {
    "id": 114,
    "name": "Costington's",
    "image_path": "/location/114.webp",
    "town": "Springfield",
    "use": "Department store"
  },
  {
    "id": 115,
    "name": "The Creamatorium",
    "image_path": "/location/115.webp",
    "town": "Springfield",
    "use": "Ice cream parlor"
  },
  {
    "id": 116,
    "name": "Croatia",
    "image_path": "/location/116.webp",
    "town": "",
    "use": ""
  },
  {
    "id": 117,
    "name": "Cypress Creek Elementary School",
    "image_path": "/location/117.webp",
    "town": "Cypress Creek",
    "use": "School"
  },
  {
    "id": 118,
    "name": "Cyprus",
    "image_path": "/location/118.webp",
    "town": "",
    "use": ""
  },
  {
    "id": 119,
    "name": "D Street",
    "image_path": "/location/119.webp",
    "town": "Springfield",
    "use": "Road"
  },
  {
    "id": 120,
    "name": "D'Errico's Market",
    "image_path": "/location/120.webp",
    "town": "Springfield",
    "use": "market"
  },
  {
    "id": 121,
    "name": "Denmark",
    "image_path": "/location/121.webp",
    "town": "",
    "use": ""
  },
  {
    "id": 122,
    "name": "Department of Motor Vehicles",
    "image_path": "/location/122.webp",
    "town": "Springfield",
    "use": "Department of Motor Vehicles"
  },
  {
    "id": 123,
    "name": "Dimwillie's",
    "image_path": "/location/123.webp",
    "town": "Springfield",
    "use": "Fast Food Restaurant"
  },
  {
    "id": 124,
    "name": "Diz-Nee Land",
    "image_path": "/location/124.webp",
    "town": "Springfield",
    "use": "Amusement Park"
  },
  {
    "id": 125,
    "name": "Donny's Discount Gas",
    "image_path": "/location/125.webp",
    "town": "Springfield",
    "use": "Gas station"
  },
  {
    "id": 126,
    "name": "Downtown Springfield",
    "image_path": "/location/126.webp",
    "town": "",
    "use": "District"
  },
  {
    "id": 127,
    "name": "Dr. Julius Hibbert, M.D. Family Practice",
    "image_path": "/location/127.webp",
    "town": "Springfield",
    "use": "Medical office"
  },
  {
    "id": 128,
    "name": "Duff Center Arena",
    "image_path": "/location/128.webp",
    "town": "Springfield",
    "use": "Events"
  },
  {
    "id": 129,
    "name": "Duff Gardens",
    "image_path": "/location/129.webp",
    "town": "Springfield",
    "use": "Theme Park"
  },
  {
    "id": 130,
    "name": "Duff Stadium",
    "image_path": "/location/130.webp",
    "town": "Springfield",
    "use": "Baseball stadium"
  },
  {
    "id": 131,
    "name": "Earth",
    "image_path": "/location/131.webp",
    "town": "",
    "use": "Planet"
  },
  {
    "id": 132,
    "name": "East Oak Street",
    "image_path": "/location/132.webp",
    "town": "Springfield",
    "use": "Street"
  },
  {
    "id": 133,
    "name": "Egypt",
    "image_path": "/location/133.webp",
    "town": "",
    "use": ""
  },
  {
    "id": 134,
    "name": "Eiffel Tower",
    "image_path": "/location/134.webp",
    "town": "Paris",
    "use": "Observation/radio broadcasting tower, tourist attraction"
  },
  {
    "id": 135,
    "name": "Ethiopia",
    "image_path": "/location/135.webp",
    "town": "",
    "use": ""
  },
  {
    "id": 136,
    "name": "Evergreen Terrace",
    "image_path": "/location/136.webp",
    "town": "Springfield",
    "use": "birds eye view of Pressboard Estates"
  },
  {
    "id": 137,
    "name": "Fat Tony's house",
    "image_path": "/location/137.webp",
    "town": "Springfield",
    "use": "Residential"
  },
  {
    "id": 138,
    "name": "Female bought with brown Hair",
    "image_path": "/location/138.webp",
    "town": "",
    "use": ""
  },
  {
    "id": 139,
    "name": "Female Teacher",
    "image_path": "/location/139.webp",
    "town": "",
    "use": ""
  },
  {
    "id": 140,
    "name": "Female with front seen brown haired petty",
    "image_path": "/location/140.webp",
    "town": "",
    "use": ""
  },
  {
    "id": 141,
    "name": "Fiesta Terraces",
    "image_path": "/location/141.webp",
    "town": "Springfield",
    "use": "Residental"
  },
  {
    "id": 142,
    "name": "Fiji",
    "image_path": "/location/142.webp",
    "town": "",
    "use": ""
  },
  {
    "id": 143,
    "name": "Finland",
    "image_path": "/location/143.webp",
    "town": "",
    "use": ""
  },
  {
    "id": 144,
    "name": "First Bank of Springfield",
    "image_path": "/location/144.webp",
    "town": "Springfield",
    "use": "Bank"
  },
  {
    "id": 145,
    "name": "Five Corners",
    "image_path": "/location/145.webp",
    "town": "",
    "use": "Tourist attraction"
  },
  {
    "id": 146,
    "name": "Florida",
    "image_path": "/location/146.webp",
    "town": "",
    "use": ""
  },
  {
    "id": 147,
    "name": "Food Court",
    "image_path": "/location/147.webp",
    "town": "Springfield",
    "use": "Food court"
  },
  {
    "id": 148,
    "name": "Fort Fragg",
    "image_path": "/location/148.webp",
    "town": "Springfield",
    "use": "U.S. Army Base"
  },
  {
    "id": 149,
    "name": "Fort Springfield",
    "image_path": "/location/149.webp",
    "town": "Springfield",
    "use": "Military compound"
  },
  {
    "id": 150,
    "name": "Fortune Megastore",
    "image_path": "/location/150.webp",
    "town": "Springfield",
    "use": "Department Store"
  },
  {
    "id": 151,
    "name": "Four Seasons",
    "image_path": "/location/151.webp",
    "town": "Springfield  Capital City",
    "use": "Hotel"
  },
  {
    "id": 152,
    "name": "France",
    "image_path": "/location/152.webp",
    "town": "",
    "use": ""
  },
  {
    "id": 153,
    "name": "French Polynesia",
    "image_path": "/location/153.webp",
    "town": "",
    "use": ""
  },
  {
    "id": 154,
    "name": "The Frying Dutchman",
    "image_path": "/location/154.webp",
    "town": "Springfield",
    "use": "Seafood restaurant"
  },
  {
    "id": 155,
    "name": "Gavelby's Auction House",
    "image_path": "/location/155.webp",
    "town": "Springfield",
    "use": "Auction house"
  },
  {
    "id": 156,
    "name": "Gay Neighborhood",
    "image_path": "/location/156.webp",
    "town": "Springfield",
    "use": "District"
  },
  {
    "id": 157,
    "name": "General Store",
    "image_path": "/location/157.webp",
    "town": "Springfield",
    "use": "Store"
  },
  {
    "id": 158,
    "name": "Georgia",
    "image_path": "/location/158.webp",
    "town": "",
    "use": ""
  },
  {
    "id": 159,
    "name": "Germany",
    "image_path": "/location/159.webp",
    "town": "",
    "use": ""
  },
  {
    "id": 160,
    "name": "Ghana",
    "image_path": "/location/160.webp",
    "town": "",
    "use": ""
  },
  {
    "id": 161,
    "name": "Girdles N' Such",
    "image_path": "/location/161.webp",
    "town": "Springfield",
    "use": "Lingerie"
  },
  {
    "id": 162,
    "name": "Globex Corporation",
    "image_path": "/location/162.webp",
    "town": "",
    "use": ""
  },
  {
    "id": 163,
    "name": "Gold House",
    "image_path": "/location/163.webp",
    "town": "Springfield",
    "use": "Residential"
  },
  {
    "id": 164,
    "name": "Grandma's World",
    "image_path": "/location/164.webp",
    "town": "",
    "use": "Shop"
  },
  {
    "id": 165,
    "name": "Great Wall of China",
    "image_path": "/location/165.webp",
    "town": "",
    "use": "Tourist attraction"
  },
  {
    "id": 166,
    "name": "Greenland",
    "image_path": "/location/166.webp",
    "town": "",
    "use": ""
  },
  {
    "id": 167,
    "name": "Grocery Store",
    "image_path": "/location/167.webp",
    "town": "Springfield",
    "use": "Grocery store"
  },
  {
    "id": 168,
    "name": "Guinea Pig Rescue Center",
    "image_path": "/location/168.webp",
    "town": "Springfield",
    "use": "Guinea pig rescue center"
  },
  {
    "id": 169,
    "name": "Guitar Central",
    "image_path": "/location/169.webp",
    "town": "Springfield",
    "use": "Musical instrument store"
  },
  {
    "id": 170,
    "name": "Gulp 'n' Blow",
    "image_path": "/location/170.webp",
    "town": "Springfield",
    "use": "Fast food restaurant"
  },
  {
    "id": 171,
    "name": "Gum for Less",
    "image_path": "/location/171.webp",
    "town": "",
    "use": "Retail"
  },
  {
    "id": 172,
    "name": "Guyana",
    "image_path": "/location/172.webp",
    "town": "",
    "use": ""
  },
  {
    "id": 173,
    "name": "Hailstone's",
    "image_path": "/location/173.webp",
    "town": "Springfield",
    "use": "Department Store"
  },
  {
    "id": 174,
    "name": "Hairy Shearers",
    "image_path": "/location/174.webp",
    "town": "Springfield",
    "use": "Barber shop"
  },
  {
    "id": 175,
    "name": "Haiti",
    "image_path": "/location/175.webp",
    "town": "",
    "use": ""
  },
  {
    "id": 176,
    "name": "Hal's Liquor",
    "image_path": "/location/176.webp",
    "town": "",
    "use": "Liquor Store"
  },
  {
    "id": 177,
    "name": "Halloween Headquarters",
    "image_path": "/location/177.webp",
    "town": "Springfield",
    "use": "Halloween store"
  },
  {
    "id": 178,
    "name": "Halloween Stage",
    "image_path": "/location/178.webp",
    "town": "",
    "use": "Stage for introductions"
  },
  {
    "id": 179,
    "name": "The Happy Sailor Tattoo Parlor",
    "image_path": "/location/179.webp",
    "town": "Springfield",
    "use": "Tattoo Parlor"
  },
  {
    "id": 180,
    "name": "The Happy Sumo",
    "image_path": "/location/180.webp",
    "town": "Springfield",
    "use": "Restaurant"
  },
  {
    "id": 181,
    "name": "Heaven",
    "image_path": "/location/181.webp",
    "town": "",
    "use": ""
  },
  {
    "id": 182,
    "name": "Heavenly Hills Mall",
    "image_path": "/location/182.webp",
    "town": "Springfield",
    "use": "Shops and restaurants"
  },
  {
    "id": 183,
    "name": "Heinrich's Monocle Shop",
    "image_path": "/location/183.webp",
    "town": "",
    "use": ""
  },
  {
    "id": 184,
    "name": "Hell",
    "image_path": "/location/184.webp",
    "town": "",
    "use": "Punishment for sinners"
  },
  {
    "id": 185,
    "name": "Herman's Military Antiques",
    "image_path": "/location/185.webp",
    "town": "Springfield",
    "use": "Antiques store"
  },
  {
    "id": 186,
    "name": "Hollywood",
    "image_path": "/location/186.webp",
    "town": "Los Angeles",
    "use": "District"
  },
  {
    "id": 187,
    "name": "Hong Kong",
    "image_path": "/location/187.webp",
    "town": "",
    "use": ""
  },
  {
    "id": 188,
    "name": "Hooters",
    "image_path": "/location/188.webp",
    "town": "Springfield",
    "use": "Strip club"
  },
  {
    "id": 189,
    "name": "Hotel",
    "image_path": "/location/189.webp",
    "town": "Springfield",
    "use": "Hotel"
  },
  {
    "id": 190,
    "name": "Hotenhoffer Pharmaceuticals",
    "image_path": "/location/190.webp",
    "town": "Springfield",
    "use": "Pharmaceuticals"
  },
  {
    "id": 191,
    "name": "Howard's Flowers",
    "image_path": "/location/191.webp",
    "town": "Springfield",
    "use": "Shop"
  },
  {
    "id": 192,
    "name": "Hungary",
    "image_path": "/location/192.webp",
    "town": "",
    "use": ""
  },
  {
    "id": 193,
    "name": "The Hungry Hun",
    "image_path": "/location/193.webp",
    "town": "Springfield",
    "use": "Restaurant"
  },
  {
    "id": 194,
    "name": "I Can't Believe It's A Law Firm!",
    "image_path": "/location/194.webp",
    "town": "",
    "use": ""
  },
  {
    "id": 195,
    "name": "Iceland",
    "image_path": "/location/195.webp",
    "town": "",
    "use": ""
  },
  {
    "id": 196,
    "name": "India",
    "image_path": "/location/196.webp",
    "town": "",
    "use": ""
  },
  {
    "id": 197,
    "name": "Indonesia",
    "image_path": "/location/197.webp",
    "town": "",
    "use": ""
  },
  {
    "id": 198,
    "name": "Industrial Road",
    "image_path": "/location/198.webp",
    "town": "Springfield",
    "use": "Street"
  },
  {
    "id": 199,
    "name": "Inspiration Point",
    "image_path": "/location/199.webp",
    "town": "Springfield",
    "use": "Teenage Makeout Park"
  },
  {
    "id": 200,
    "name": "Internal Revenue Service",
    "image_path": "/location/200.webp",
    "town": "",
    "use": "Revenue Service of United States"
  },
  {
    "id": 201,
    "name": "International Court of Justice",
    "image_path": "/location/201.webp",
    "town": "The Hague",
    "use": "Court"
  },
  {
    "id": 202,
    "name": "Iraq",
    "image_path": "/location/202.webp",
    "town": "",
    "use": ""
  },
  {
    "id": 203,
    "name": "Ireland",
    "image_path": "/location/203.webp",
    "town": "",
    "use": ""
  },
  {
    "id": 204,
    "name": "Italy",
    "image_path": "/location/204.webp",
    "town": "",
    "use": ""
  },
  {
    "id": 205,
    "name": "Itchy & Scratchy International",
    "image_path": "/location/205.webp",
    "town": "Springfield",
    "use": "Cartoon studio"
  },
  {
    "id": 206,
    "name": "Itchy & Scratchy Land (Theme Park)",
    "image_path": "/location/206.webp",
    "town": "Springfield",
    "use": "Amusement park"
  },
  {
    "id": 207,
    "name": "Izzy's Deli",
    "image_path": "/location/207.webp",
    "town": "Springfield",
    "use": "Deli / restaurant"
  },
  {
    "id": 208,
    "name": "Jake's Unisex Hair Palace",
    "image_path": "/location/208.webp",
    "town": "Springfield",
    "use": "Hairdressing"
  },
  {
    "id": 209,
    "name": "Japan",
    "image_path": "/location/209.webp",
    "town": "",
    "use": ""
  },
  {
    "id": 210,
    "name": "The Jazz Hole",
    "image_path": "/location/210.webp",
    "town": "Springfield",
    "use": "Jazz club"
  },
  {
    "id": 211,
    "name": "Jebediah Springfield Park",
    "image_path": "/location/211.webp",
    "town": "Springfield",
    "use": "Park"
  },
  {
    "id": 212,
    "name": "The Jerky Hut",
    "image_path": "/location/212.webp",
    "town": "",
    "use": ""
  },
  {
    "id": 213,
    "name": "Jordan (country)",
    "image_path": "/location/213.webp",
    "town": "",
    "use": ""
  },
  {
    "id": 214,
    "name": "Kamp Krusty (location)",
    "image_path": "/location/214.webp",
    "town": "Springfield",
    "use": "Summer Camp"
  },
  {
    "id": 215,
    "name": "Kent Brockman's mansion",
    "image_path": "/location/215.webp",
    "town": "Springfield",
    "use": "Residential"
  },
  {
    "id": 216,
    "name": "Kentucky Fried Panda",
    "image_path": "/location/216.webp",
    "town": "Springfield",
    "use": "Fast food restaurant"
  },
  {
    "id": 217,
    "name": "King Toot's Music Store",
    "image_path": "/location/217.webp",
    "town": "Springfield",
    "use": "Instrument Store"
  },
  {
    "id": 218,
    "name": "Krusty's Mansion",
    "image_path": "/location/218.webp",
    "town": "Springfield",
    "use": "Residential"
  },
  {
    "id": 219,
    "name": "Krustyland",
    "image_path": "/location/219.webp",
    "town": "Springfield",
    "use": "Theme park"
  },
  {
    "id": 220,
    "name": "La Belle Frottage Casino",
    "image_path": "/location/220.webp",
    "town": "Springfield",
    "use": "Casino"
  },
  {
    "id": 221,
    "name": "La Maison Derrière",
    "image_path": "/location/221.webp",
    "town": "Springfield",
    "use": "Burlesque House"
  },
  {
    "id": 222,
    "name": "Lake Springfield",
    "image_path": "/location/222.webp",
    "town": "Springfield",
    "use": "Water sportsFormerly: Discarding pollution"
  },
  {
    "id": 223,
    "name": "The Land of Chocolate",
    "image_path": "/location/223.webp",
    "town": "",
    "use": "Imaginary land for Homer"
  },
  {
    "id": 224,
    "name": "Las Vegas",
    "image_path": "/location/224.webp",
    "town": "",
    "use": ""
  },
  {
    "id": 225,
    "name": "Lebanon",
    "image_path": "/location/225.webp",
    "town": "",
    "use": ""
  },
  {
    "id": 226,
    "name": "Legitimate Businessman's Social Club",
    "image_path": "/location/226.webp",
    "town": "Springfield",
    "use": "Springfield Mafia hangout / money launder front"
  },
  {
    "id": 227,
    "name": "LEGOLAND",
    "image_path": "/location/227.webp",
    "town": "",
    "use": "Theme Park"
  },
  {
    "id": 228,
    "name": "Lenny Leonard's house",
    "image_path": "/location/228.webp",
    "town": "",
    "use": "Residential"
  },
  {
    "id": 229,
    "name": "Little Italy",
    "image_path": "/location/229.webp",
    "town": "Springfield",
    "use": "District"
  },
  {
    "id": 230,
    "name": "Little Lisa Recycling Plant",
    "image_path": "/location/230.webp",
    "town": "Springfield",
    "use": "Recycling Plant"
  },
  {
    "id": 231,
    "name": "London",
    "image_path": "/location/231.webp",
    "town": "",
    "use": ""
  },
  {
    "id": 232,
    "name": "London Eye",
    "image_path": "/location/232.webp",
    "town": "London",
    "use": "Tourist attraction"
  },
  {
    "id": 233,
    "name": "Los Angeles",
    "image_path": "/location/233.webp",
    "town": "",
    "use": ""
  },
  {
    "id": 234,
    "name": "Lugash's Gym",
    "image_path": "/location/234.webp",
    "town": "Springfield",
    "use": "Gym"
  },
  {
    "id": 235,
    "name": "Luigi's",
    "image_path": "/location/235.webp",
    "town": "Springfield",
    "use": "Restaurant"
  },
  {
    "id": 236,
    "name": "Magic Palace",
    "image_path": "/location/236.webp",
    "town": "Springfield",
    "use": "Restaurant"
  },
  {
    "id": 237,
    "name": "Main Street",
    "image_path": "/location/237.webp",
    "town": "Springfield",
    "use": "Road"
  },
  {
    "id": 238,
    "name": "Malaysia",
    "image_path": "/location/238.webp",
    "town": "",
    "use": ""
  },
  {
    "id": 239,
    "name": "Mapple",
    "image_path": "/location/239.webp",
    "town": "",
    "use": ""
  },
  {
    "id": 240,
    "name": "Mapple Store",
    "image_path": "/location/240.webp",
    "town": "",
    "use": ""
  },
  {
    "id": 241,
    "name": "Marine World",
    "image_path": "/location/241.webp",
    "town": "Springfield",
    "use": "Aquarium"
  },
  {
    "id": 242,
    "name": "Market",
    "image_path": "/location/242.webp",
    "town": "Springfield",
    "use": "Market"
  },
  {
    "id": 243,
    "name": "Marrakech",
    "image_path": "/location/243.webp",
    "town": "",
    "use": ""
  },
  {
    "id": 244,
    "name": "Maryland",
    "image_path": "/location/244.webp",
    "town": "",
    "use": ""
  },
  {
    "id": 245,
    "name": "Mattress King",
    "image_path": "/location/245.webp",
    "town": "Springfield",
    "use": "Mattress store"
  },
  {
    "id": 246,
    "name": "Mayor Quimby's mansion",
    "image_path": "/location/246.webp",
    "town": "Springfield",
    "use": "Residential"
  },
  {
    "id": 247,
    "name": "McMahon and Tate Advertising",
    "image_path": "/location/247.webp",
    "town": "Springfield",
    "use": "Advertising"
  },
  {
    "id": 248,
    "name": "Merry Widow Insurance Co.",
    "image_path": "/location/248.webp",
    "town": "Springfield",
    "use": "Life insurance agency"
  },
  {
    "id": 249,
    "name": "Mexico",
    "image_path": "/location/249.webp",
    "town": "",
    "use": ""
  },
  {
    "id": 250,
    "name": "Micronesia",
    "image_path": "/location/250.webp",
    "town": "",
    "use": ""
  },
  {
    "id": 251,
    "name": "Moe's Apartment",
    "image_path": "/location/251.webp",
    "town": "Springfield",
    "use": "Accomodation"
  },
  {
    "id": 252,
    "name": "Moe's Express",
    "image_path": "/location/252.webp",
    "town": "Springfield",
    "use": "Bar"
  },
  {
    "id": 253,
    "name": "Monaco",
    "image_path": "/location/253.webp",
    "town": "",
    "use": ""
  },
  {
    "id": 254,
    "name": "Mongolia",
    "image_path": "/location/254.webp",
    "town": "",
    "use": ""
  },
  {
    "id": 255,
    "name": "Morocco",
    "image_path": "/location/255.webp",
    "town": "",
    "use": ""
  },
  {
    "id": 256,
    "name": "The Murderhorn",
    "image_path": "/location/256.webp",
    "town": "Springfield",
    "use": "Climbing"
  },
  {
    "id": 257,
    "name": "National Bank of Springfield",
    "image_path": "/location/257.webp",
    "town": "Springfield",
    "use": "Bank"
  },
  {
    "id": 258,
    "name": "Neat & Tidy Piano Movers",
    "image_path": "/location/258.webp",
    "town": "Springfield",
    "use": "Service/Shop"
  },
  {
    "id": 259,
    "name": "Netherlands",
    "image_path": "/location/259.webp",
    "town": "",
    "use": ""
  },
  {
    "id": 260,
    "name": "New Bedlam Rest Home for the Emotionally Interesting",
    "image_path": "/location/260.webp",
    "town": "Springfield",
    "use": "Mental hospital"
  },
  {
    "id": 261,
    "name": "New South Wales",
    "image_path": "/location/261.webp",
    "town": "",
    "use": ""
  },
  {
    "id": 262,
    "name": "New York City",
    "image_path": "/location/262.webp",
    "town": "",
    "use": ""
  },
  {
    "id": 263,
    "name": "New Zealand",
    "image_path": "/location/263.webp",
    "town": "",
    "use": ""
  },
  {
    "id": 264,
    "name": "Nighthawk Diner",
    "image_path": "/location/264.webp",
    "town": "Springfield",
    "use": "Diner"
  },
  {
    "id": 265,
    "name": "Noise Land Video Arcade",
    "image_path": "/location/265.webp",
    "town": "",
    "use": "Arcade"
  },
  {
    "id": 266,
    "name": "North Haverbrook",
    "image_path": "/location/266.webp",
    "town": "",
    "use": ""
  },
  {
    "id": 267,
    "name": "North Korea",
    "image_path": "/location/267.webp",
    "town": "",
    "use": ""
  },
  {
    "id": 268,
    "name": "Norway",
    "image_path": "/location/268.webp",
    "town": "",
    "use": ""
  },
  {
    "id": 269,
    "name": "Ogdenville",
    "image_path": "/location/269.webp",
    "town": "",
    "use": ""
  },
  {
    "id": 270,
    "name": "Old Fishin' Hole",
    "image_path": "/location/270.webp",
    "town": "Springfield",
    "use": "Fishing"
  },
  {
    "id": 271,
    "name": "Old Simpson Farm",
    "image_path": "/location/271.webp",
    "town": "Spittle County",
    "use": "Farm"
  },
  {
    "id": 272,
    "name": "Old Springfield Library",
    "image_path": "/location/272.webp",
    "town": "Springfield",
    "use": "Library"
  },
  {
    "id": 273,
    "name": "Olde Springfield Towne",
    "image_path": "/location/273.webp",
    "town": "Springfield",
    "use": "Historical site"
  },
  {
    "id": 274,
    "name": "One Night Stan's",
    "image_path": "/location/274.webp",
    "town": "Springfield",
    "use": "Night club"
  },
  {
    "id": 275,
    "name": "One Size Fits All Lingerie",
    "image_path": "/location/275.webp",
    "town": "Springfield",
    "use": "Lingerie store"
  },
  {
    "id": 276,
    "name": "Origami Designs",
    "image_path": "/location/276.webp",
    "town": "Springfield",
    "use": "Origami designs store"
  },
  {
    "id": 277,
    "name": "Page's Pharmacy",
    "image_path": "/location/277.webp",
    "town": "Springfield",
    "use": "Pharmacy"
  },
  {
    "id": 278,
    "name": "Paraguay",
    "image_path": "/location/278.webp",
    "town": "",
    "use": ""
  },
  {
    "id": 279,
    "name": "Paris",
    "image_path": "/location/279.webp",
    "town": "",
    "use": ""
  },
  {
    "id": 280,
    "name": "Pawn Shop",
    "image_path": "/location/280.webp",
    "town": "Springfield",
    "use": "Pawning Objects"
  },
  {
    "id": 281,
    "name": "Pay & Park & Pay",
    "image_path": "/location/281.webp",
    "town": "Springfield",
    "use": "Parking garage"
  },
  {
    "id": 282,
    "name": "The Peak Inn",
    "image_path": "/location/282.webp",
    "town": "Springfield",
    "use": ""
  },
  {
    "id": 283,
    "name": "Peanut Street Hotel",
    "image_path": "/location/283.webp",
    "town": "Springfield",
    "use": "Hotel"
  },
  {
    "id": 284,
    "name": "The Penny Loafer",
    "image_path": "/location/284.webp",
    "town": "Capital City",
    "use": "Restaurant"
  },
  {
    "id": 285,
    "name": "People's Republic of China",
    "image_path": "/location/285.webp",
    "town": "",
    "use": ""
  },
  {
    "id": 286,
    "name": "Peru",
    "image_path": "/location/286.webp",
    "town": "",
    "use": ""
  },
  {
    "id": 287,
    "name": "Pest Bye",
    "image_path": "/location/287.webp",
    "town": "Shelbyville",
    "use": "Shop"
  },
  {
    "id": 288,
    "name": "Pharm-Er John’s Pharmaceuticals",
    "image_path": "/location/288.webp",
    "town": "Springfield",
    "use": "Pharmaceutical manufacturing company"
  },
  {
    "id": 289,
    "name": "Philippines",
    "image_path": "/location/289.webp",
    "town": "",
    "use": ""
  },
  {
    "id": 290,
    "name": "Phineas Q. Butterfat's 5600 Flavors Ice Cream Parlor",
    "image_path": "/location/290.webp",
    "town": "",
    "use": ""
  },
  {
    "id": 291,
    "name": "Pillow Factory",
    "image_path": "/location/291.webp",
    "town": "Springfield",
    "use": "Factory"
  },
  {
    "id": 292,
    "name": "Planet Hype",
    "image_path": "/location/292.webp",
    "town": "Springfield",
    "use": "Hollywood-themed restaurant"
  },
  {
    "id": 293,
    "name": "Plastic Surgery Center",
    "image_path": "/location/293.webp",
    "town": "Springfield",
    "use": "Plastic surgery clinic"
  },
  {
    "id": 294,
    "name": "Plato's Republic Casino",
    "image_path": "/location/294.webp",
    "town": "",
    "use": "Casino"
  },
  {
    "id": 295,
    "name": "Poland",
    "image_path": "/location/295.webp",
    "town": "",
    "use": ""
  },
  {
    "id": 296,
    "name": "Polo Field House",
    "image_path": "/location/296.webp",
    "town": "Springfield",
    "use": "Polo barn"
  },
  {
    "id": 297,
    "name": "Poppa Wheelie's",
    "image_path": "/location/297.webp",
    "town": "Bakersfield, USA",
    "use": "Bar for bikers"
  },
  {
    "id": 298,
    "name": "Portugal",
    "image_path": "/location/298.webp",
    "town": "",
    "use": ""
  },
  {
    "id": 299,
    "name": "Praiseland",
    "image_path": "/location/299.webp",
    "town": "Springfield",
    "use": "Theme park"
  },
  {
    "id": 300,
    "name": "Prince House",
    "image_path": "/location/300.webp",
    "town": "Springfield",
    "use": "Residential"
  },
  {
    "id": 301,
    "name": "Psychiatry Row",
    "image_path": "/location/301.webp",
    "town": "Springfield",
    "use": "Springfield District"
  },
  {
    "id": 302,
    "name": "Quimbebunkport Estates",
    "image_path": "/location/302.webp",
    "town": "Springfield",
    "use": "Residential"
  },
  {
    "id": 303,
    "name": "Repo Depot",
    "image_path": "/location/303.webp",
    "town": "Springfield",
    "use": "Repossession company"
  },
  {
    "id": 304,
    "name": "Republican Party Headquarters",
    "image_path": "/location/304.webp",
    "town": "Springfield",
    "use": "Springfield Republican Party headquarters"
  },
  {
    "id": 305,
    "name": "Rigel 7",
    "image_path": "/location/305.webp",
    "town": "",
    "use": "Planet"
  },
  {
    "id": 306,
    "name": "Rolling Rock",
    "image_path": "/location/306.webp",
    "town": "Shelbyville",
    "use": "Tourist attraction"
  },
  {
    "id": 307,
    "name": "Ronald Reagan Reeducation Center",
    "image_path": "/location/307.webp",
    "town": "San Francisco",
    "use": "Prison"
  },
  {
    "id": 308,
    "name": "Royal King Trailer Park",
    "image_path": "/location/308.webp",
    "town": "Spittle County",
    "use": "Trailer park"
  },
  {
    "id": 309,
    "name": "Royal Majesty for the Obese or Gangly Gentleman",
    "image_path": "/location/309.webp",
    "town": "Springfield",
    "use": "Tailor shop"
  },
  {
    "id": 310,
    "name": "Rural Route 9",
    "image_path": "/location/310.webp",
    "town": "Springfield andSpittle County",
    "use": "Bus Stop"
  },
  {
    "id": 311,
    "name": "The Rusty Barnacle",
    "image_path": "/location/311.webp",
    "town": "Springfield",
    "use": "Restaurant"
  },
  {
    "id": 312,
    "name": "Sabertooth Meadow",
    "image_path": "/location/312.webp",
    "town": "Springfield",
    "use": "Site of the Heavenly Hills Mall"
  },
  {
    "id": 313,
    "name": "Santa School",
    "image_path": "/location/313.webp",
    "town": "Springfield",
    "use": "Teaching mall Santas"
  },
  {
    "id": 314,
    "name": "Santa's Village",
    "image_path": "/location/314.webp",
    "town": "Springfield",
    "use": "Theme park"
  },
  {
    "id": 315,
    "name": "Satan's Anvil",
    "image_path": "/location/315.webp",
    "town": "Springfield",
    "use": "Desert/Rock Formation"
  },
  {
    "id": 316,
    "name": "Scrap City",
    "image_path": "/location/316.webp",
    "town": "Springfield",
    "use": "Processing metal"
  },
  {
    "id": 317,
    "name": "Second-Best Western Hotel",
    "image_path": "/location/317.webp",
    "town": "Capital CityNiagara Falls",
    "use": "Hotel"
  },
  {
    "id": 318,
    "name": "Semi-Painless Dentistry",
    "image_path": "/location/318.webp",
    "town": "Springfield",
    "use": "Dentist"
  },
  {
    "id": 319,
    "name": "Sha-Boom Ka-Boom! Cafe",
    "image_path": "/location/319.webp",
    "town": "Springfield",
    "use": "Restaurant"
  },
  {
    "id": 320,
    "name": "Shelbyville Orphanage",
    "image_path": "/location/320.webp",
    "town": "Shelbyville",
    "use": "Orphanage"
  },
  {
    "id": 321,
    "name": "Shotgun Pete's",
    "image_path": "/location/321.webp",
    "town": "Springfield",
    "use": "Wedding chapel"
  },
  {
    "id": 322,
    "name": "Shøp",
    "image_path": "/location/322.webp",
    "town": "Springfield",
    "use": "Furniture shop"
  },
  {
    "id": 323,
    "name": "Simply Shoes",
    "image_path": "/location/323.webp",
    "town": "Springfield",
    "use": "Shoe shop"
  },
  {
    "id": 324,
    "name": "Simpson House Boat",
    "image_path": "/location/324.webp",
    "town": "Terror Lake",
    "use": "Houseboat"
  },
  {
    "id": 325,
    "name": "The Singing Sirloin",
    "image_path": "/location/325.webp",
    "town": "Springfield",
    "use": ""
  },
  {
    "id": 326,
    "name": "Sir Putt-A-Lot's Merrie Olde Fun Centre",
    "image_path": "/location/326.webp",
    "town": "Springfield",
    "use": "Miniature golf course"
  },
  {
    "id": 327,
    "name": "Sit-N-Rotate",
    "image_path": "/location/327.webp",
    "town": "Springfield",
    "use": "Restaurant"
  },
  {
    "id": 328,
    "name": "Skid Row",
    "image_path": "/location/328.webp",
    "town": "Springfield",
    "use": "Poor district of Springfield"
  },
  {
    "id": 329,
    "name": "Skinner's House",
    "image_path": "/location/329.webp",
    "town": "Springfield",
    "use": "Residential"
  },
  {
    "id": 330,
    "name": "Skip's Diner",
    "image_path": "/location/330.webp",
    "town": "Springfield",
    "use": "Diner"
  },
  {
    "id": 331,
    "name": "Skobo's",
    "image_path": "/location/331.webp",
    "town": "",
    "use": "Restaurant"
  },
  {
    "id": 332,
    "name": "Slaughter House",
    "image_path": "/location/332.webp",
    "town": "Springfield",
    "use": "Slaughter house"
  },
  {
    "id": 333,
    "name": "Sleep-Eazy Motel",
    "image_path": "/location/333.webp",
    "town": "Springfield",
    "use": "Lodge"
  },
  {
    "id": 334,
    "name": "Smooches On The Beach",
    "image_path": "/location/334.webp",
    "town": "Springfield",
    "use": "Resort"
  },
  {
    "id": 335,
    "name": "South Africa",
    "image_path": "/location/335.webp",
    "town": "",
    "use": ""
  },
  {
    "id": 336,
    "name": "South Street Squidport",
    "image_path": "/location/336.webp",
    "town": "Springfield",
    "use": "Pedestrian mall"
  },
  {
    "id": 337,
    "name": "Southern Cracker",
    "image_path": "/location/337.webp",
    "town": "Springfield",
    "use": "Cracker factory"
  },
  {
    "id": 338,
    "name": "Spain",
    "image_path": "/location/338.webp",
    "town": "",
    "use": ""
  },
  {
    "id": 339,
    "name": "Spiffany's",
    "image_path": "/location/339.webp",
    "town": "Springfield  Aspen",
    "use": "Store"
  },
  {
    "id": 340,
    "name": "Spinster City Apartments",
    "image_path": "/location/340.webp",
    "town": "Springfield",
    "use": "Residential"
  },
  {
    "id": 341,
    "name": "Spittle County",
    "image_path": "/location/341.webp",
    "town": "",
    "use": ""
  },
  {
    "id": 342,
    "name": "Sportacus",
    "image_path": "/location/342.webp",
    "town": "Springfield",
    "use": "Sports equipment store"
  },
  {
    "id": 343,
    "name": "Sprawl-Mart",
    "image_path": "/location/343.webp",
    "town": "Springfield",
    "use": "Shopping"
  },
  {
    "id": 344,
    "name": "Springfield A&M",
    "image_path": "/location/344.webp",
    "town": "Springfield",
    "use": "Education facility"
  },
  {
    "id": 345,
    "name": "Springfield Amphitheater",
    "image_path": "/location/345.webp",
    "town": "Springfield",
    "use": "Arena"
  },
  {
    "id": 346,
    "name": "Springfield Animal Hospital",
    "image_path": "/location/346.webp",
    "town": "Springfield",
    "use": "Animal hospital"
  },
  {
    "id": 347,
    "name": "Springfield Animal Shelter",
    "image_path": "/location/347.webp",
    "town": "Springfield",
    "use": "Animal shelter"
  },
  {
    "id": 348,
    "name": "Springfield Arms",
    "image_path": "/location/348.webp",
    "town": "Springfield",
    "use": ""
  },
  {
    "id": 349,
    "name": "Springfield Atoms Stadium",
    "image_path": "/location/349.webp",
    "town": "Springfield",
    "use": "Sporting Events"
  },
  {
    "id": 350,
    "name": "Springfield Beach",
    "image_path": "/location/350.webp",
    "town": "Springfield",
    "use": "Beach"
  },
  {
    "id": 351,
    "name": "Springfield Botanical Gardens",
    "image_path": "/location/351.webp",
    "town": "Springfield",
    "use": "Botanical garden"
  },
  {
    "id": 352,
    "name": "Springfield Bowl",
    "image_path": "/location/352.webp",
    "town": "Springfield",
    "use": "Amphitheater"
  },
  {
    "id": 353,
    "name": "Springfield Box Factory",
    "image_path": "/location/353.webp",
    "town": "Springfield",
    "use": "Box factory"
  },
  {
    "id": 354,
    "name": "Springfield Bridge",
    "image_path": "/location/354.webp",
    "town": "Springfield",
    "use": "Bridge"
  },
  {
    "id": 355,
    "name": "Springfield Bus Station",
    "image_path": "/location/355.webp",
    "town": "Springfield",
    "use": "Transportation"
  },
  {
    "id": 356,
    "name": "Springfield Children's Hospital",
    "image_path": "/location/356.webp",
    "town": "Springfield",
    "use": "Hospital"
  },
  {
    "id": 357,
    "name": "Springfield Civic Center",
    "image_path": "/location/357.webp",
    "town": "Springfield",
    "use": "Entertainment"
  },
  {
    "id": 358,
    "name": "Springfield Clamphitheater",
    "image_path": "/location/358.webp",
    "town": "Springfield",
    "use": "Theater"
  },
  {
    "id": 359,
    "name": "Springfield Coliseum",
    "image_path": "/location/359.webp",
    "town": "Springfield",
    "use": "Arena"
  },
  {
    "id": 360,
    "name": "Springfield Community Center",
    "image_path": "/location/360.webp",
    "town": "Springfield",
    "use": "Community center"
  },
  {
    "id": 361,
    "name": "Springfield Community College",
    "image_path": "/location/361.webp",
    "town": "Springfield",
    "use": "Community college"
  },
  {
    "id": 362,
    "name": "Springfield Convention Center",
    "image_path": "/location/362.webp",
    "town": "Springfield",
    "use": "Convention center"
  },
  {
    "id": 363,
    "name": "Springfield Costume Shop",
    "image_path": "/location/363.webp",
    "town": "Springfield",
    "use": "Costume shop"
  },
  {
    "id": 364,
    "name": "Springfield County Court House",
    "image_path": "/location/364.webp",
    "town": "Springfield",
    "use": "Court house"
  },
  {
    "id": 365,
    "name": "Springfield County Fair",
    "image_path": "/location/365.webp",
    "town": "Springfield",
    "use": "Fair"
  },
  {
    "id": 366,
    "name": "Springfield Dam",
    "image_path": "/location/366.webp",
    "town": "Springfield",
    "use": "Electricity"
  },
  {
    "id": 367,
    "name": "Springfield Dinner Theater",
    "image_path": "/location/367.webp",
    "town": "Springfield",
    "use": "Dinner theater"
  },
  {
    "id": 368,
    "name": "Springfield Dog Park",
    "image_path": "/location/368.webp",
    "town": "Springfield",
    "use": "Dog Park"
  },
  {
    "id": 369,
    "name": "Springfield Downs",
    "image_path": "/location/369.webp",
    "town": "Springfield",
    "use": "Dog & Horse Racing"
  },
  {
    "id": 370,
    "name": "Springfield Drive-In",
    "image_path": "/location/370.webp",
    "town": "Springfield",
    "use": "Drive-in theater"
  },
  {
    "id": 371,
    "name": "Springfield Dump",
    "image_path": "/location/371.webp",
    "town": "Springfield",
    "use": "Dump"
  },
  {
    "id": 372,
    "name": "Springfield Episcopal Church",
    "image_path": "/location/372.webp",
    "town": "Springfield",
    "use": "Place of Worship"
  },
  {
    "id": 373,
    "name": "Springfield Fire Department",
    "image_path": "/location/373.webp",
    "town": "Springfield",
    "use": "Fire Station"
  },
  {
    "id": 374,
    "name": "Springfield Forest",
    "image_path": "/location/374.webp",
    "town": "Springfield",
    "use": "Wildlife refuge, camping, nature reserve"
  },
  {
    "id": 375,
    "name": "Springfield Four Seasons",
    "image_path": "/location/375.webp",
    "town": "Springfield",
    "use": "Luxury Hotel"
  },
  {
    "id": 376,
    "name": "Springfield Funeral Home",
    "image_path": "/location/376.webp",
    "town": "Springfield",
    "use": "Funeral parlor"
  },
  {
    "id": 377,
    "name": "Springfield Glen Country Club",
    "image_path": "/location/377.webp",
    "town": "Springfield",
    "use": "Country club"
  },
  {
    "id": 378,
    "name": "Springfield Googolplex Theatres",
    "image_path": "/location/378.webp",
    "town": "Springfield",
    "use": "Movies"
  },
  {
    "id": 379,
    "name": "Springfield Harbor",
    "image_path": "/location/379.webp",
    "town": "Springfield",
    "use": ""
  },
  {
    "id": 380,
    "name": "Springfield Heights",
    "image_path": "/location/380.webp",
    "town": "Springfield",
    "use": ""
  },
  {
    "id": 381,
    "name": "Springfield Heights Institute of Technology",
    "image_path": "/location/381.webp",
    "town": "Springfield",
    "use": ""
  },
  {
    "id": 382,
    "name": "Springfield High School",
    "image_path": "/location/382.webp",
    "town": "Springfield",
    "use": "School"
  },
  {
    "id": 383,
    "name": "Springfield International Airport",
    "image_path": "/location/383.webp",
    "town": "Springfield",
    "use": "Transportation"
  },
  {
    "id": 384,
    "name": "Springfield Martial Arts Academy",
    "image_path": "/location/384.webp",
    "town": "Springfield",
    "use": "Academy"
  },
  {
    "id": 385,
    "name": "Springfield Monorail",
    "image_path": "/location/385.webp",
    "town": "Springfield",
    "use": "Transport"
  },
  {
    "id": 386,
    "name": "Springfield Museum of Natural History",
    "image_path": "/location/386.webp",
    "town": "Springfield",
    "use": "Historical"
  },
  {
    "id": 387,
    "name": "Springfield Mystery Spot",
    "image_path": "/location/387.webp",
    "town": "Springfield",
    "use": "Tourist attraction"
  },
  {
    "id": 388,
    "name": "Springfield National Forest",
    "image_path": "/location/388.webp",
    "town": "Springfield",
    "use": "Wildlife refuge, camping"
  },
  {
    "id": 389,
    "name": "Springfield Observatory",
    "image_path": "/location/389.webp",
    "town": "Springfield",
    "use": "Observatory"
  },
  {
    "id": 390,
    "name": "Springfield Office of Unemployment",
    "image_path": "/location/390.webp",
    "town": "Springfield",
    "use": "Office for unemployed people"
  },
  {
    "id": 391,
    "name": "Springfield Orphanage",
    "image_path": "/location/391.webp",
    "town": "Springfield",
    "use": "Orphanage"
  },
  {
    "id": 392,
    "name": "Springfield Palace of Fine Arts",
    "image_path": "/location/392.webp",
    "town": "",
    "use": "Art Museum"
  },
  {
    "id": 393,
    "name": "Springfield Park",
    "image_path": "/location/393.webp",
    "town": "Springfield",
    "use": "natural grounds"
  },
  {
    "id": 394,
    "name": "Springfield Pet Cemetery",
    "image_path": "/location/394.webp",
    "town": "Springfield",
    "use": "Pet cemetery"
  },
  {
    "id": 395,
    "name": "Springfield Pet Shop",
    "image_path": "/location/395.webp",
    "town": "Springfield",
    "use": "Pet shop"
  },
  {
    "id": 396,
    "name": "Springfield Planetarium",
    "image_path": "/location/396.webp",
    "town": "Springfield",
    "use": "Planetarium"
  },
  {
    "id": 397,
    "name": "Springfield Plasma Center",
    "image_path": "/location/397.webp",
    "town": "Springfield",
    "use": "Blood Donation"
  },
  {
    "id": 398,
    "name": "Springfield Playhouse",
    "image_path": "/location/398.webp",
    "town": "Springfield",
    "use": "Theater"
  },
  {
    "id": 399,
    "name": "Springfield Public Library",
    "image_path": "/location/399.webp",
    "town": "Springfield",
    "use": "Library"
  },
  {
    "id": 400,
    "name": "Springfield Sign",
    "image_path": "/location/400.webp",
    "town": "Springfield",
    "use": "Landmark"
  },
  {
    "id": 401,
    "name": "Springfield Soccer Stadium",
    "image_path": "/location/401.webp",
    "town": "Springfield",
    "use": "Sports stadium"
  },
  {
    "id": 402,
    "name": "Springfield Speedway",
    "image_path": "/location/402.webp",
    "town": "Springfield",
    "use": "Speedway"
  },
  {
    "id": 403,
    "name": "Springfield Squidport",
    "image_path": "/location/403.webp",
    "town": "Springfield",
    "use": ""
  },
  {
    "id": 404,
    "name": "Springfield Stadium",
    "image_path": "/location/404.webp",
    "town": "Springfield",
    "use": "Sport"
  },
  {
    "id": 405,
    "name": "Springfield State Prison",
    "image_path": "/location/405.webp",
    "town": "Springfield",
    "use": "Prison"
  },
  {
    "id": 406,
    "name": "Springfield Station",
    "image_path": "/location/406.webp",
    "town": "Springfield",
    "use": "Train station"
  },
  {
    "id": 407,
    "name": "Springfield Tire Yard",
    "image_path": "/location/407.webp",
    "town": "Springfield",
    "use": "Tire Dumping"
  },
  {
    "id": 408,
    "name": "Springfield University",
    "image_path": "/location/408.webp",
    "town": "Springfield",
    "use": "University"
  },
  {
    "id": 409,
    "name": "Springfield War Memorial Stadium",
    "image_path": "/location/409.webp",
    "town": "Springfield",
    "use": "Sport"
  },
  {
    "id": 410,
    "name": "Springfield Wax Museum",
    "image_path": "/location/410.webp",
    "town": "Springfield",
    "use": "Wax museum"
  },
  {
    "id": 411,
    "name": "Springfield YMCA",
    "image_path": "/location/411.webp",
    "town": "Springfield",
    "use": "Recreation"
  },
  {
    "id": 412,
    "name": "Springfield's Best And Seattle's Worst Coffee",
    "image_path": "/location/412.webp",
    "town": "Springfield",
    "use": "Coffee Shop"
  },
  {
    "id": 413,
    "name": "Springfield's State",
    "image_path": "/location/413.webp",
    "town": "",
    "use": ""
  },
  {
    "id": 414,
    "name": "Springsonian Museum",
    "image_path": "/location/414.webp",
    "town": "Springfield",
    "use": "Museum"
  },
  {
    "id": 415,
    "name": "Springwarts School of Magicry",
    "image_path": "/location/415.webp",
    "town": "Springfield",
    "use": "School"
  },
  {
    "id": 416,
    "name": "Springwood Minimum Security Prison",
    "image_path": "/location/416.webp",
    "town": "Springfield",
    "use": "Prison"
  },
  {
    "id": 417,
    "name": "Spuckler Home",
    "image_path": "/location/417.webp",
    "town": "Springfield",
    "use": "Home/Farm"
  },
  {
    "id": 418,
    "name": "St. Louis",
    "image_path": "/location/418.webp",
    "town": "",
    "use": ""
  },
  {
    "id": 419,
    "name": "Stagnant Springs Health Spa",
    "image_path": "/location/419.webp",
    "town": "Springfield",
    "use": "Health Spa"
  },
  {
    "id": 420,
    "name": "Statue of Jebediah Springfield",
    "image_path": "/location/420.webp",
    "town": "Springfield",
    "use": "Statue"
  },
  {
    "id": 421,
    "name": "Stonecutter's Daycare Center",
    "image_path": "/location/421.webp",
    "town": "Springfield",
    "use": "Daycare Center"
  },
  {
    "id": 422,
    "name": "Stonecutters Lodge",
    "image_path": "/location/422.webp",
    "town": "Springfield",
    "use": "Headquarters for the Stonecutters"
  },
  {
    "id": 423,
    "name": "Storytown Village",
    "image_path": "/location/423.webp",
    "town": "Springfield",
    "use": "Children's theme park"
  },
  {
    "id": 424,
    "name": "Stu's Disco",
    "image_path": "/location/424.webp",
    "town": "Springfield",
    "use": "Disco"
  },
  {
    "id": 425,
    "name": "Suicidal Moron Pass",
    "image_path": "/location/425.webp",
    "town": "Springfield",
    "use": "Route"
  },
  {
    "id": 426,
    "name": "Suriname",
    "image_path": "/location/426.webp",
    "town": "",
    "use": ""
  },
  {
    "id": 427,
    "name": "Swapper Jack's",
    "image_path": "/location/427.webp",
    "town": "Springfield",
    "use": "Superstore"
  },
  {
    "id": 428,
    "name": "Swimming Pool",
    "image_path": "/location/428.webp",
    "town": "Springfield",
    "use": "Swimming pool"
  },
  {
    "id": 429,
    "name": "Sydney",
    "image_path": "/location/429.webp",
    "town": "",
    "use": ""
  },
  {
    "id": 430,
    "name": "Tahiti",
    "image_path": "/location/430.webp",
    "town": "",
    "use": ""
  },
  {
    "id": 431,
    "name": "Taj Mahal",
    "image_path": "/location/431.webp",
    "town": "Agra",
    "use": "Mausoleum"
  },
  {
    "id": 432,
    "name": "Tavern on the Scream",
    "image_path": "/location/432.webp",
    "town": "",
    "use": "Restaurant"
  },
  {
    "id": 433,
    "name": "Temple Beth Springfield",
    "image_path": "/location/433.webp",
    "town": "Springfield",
    "use": "Synagogue"
  },
  {
    "id": 434,
    "name": "The League of Extra Horny Gentlemen",
    "image_path": "/location/434.webp",
    "town": "Springfield",
    "use": "Gay Bar"
  },
  {
    "id": 435,
    "name": "The Leftorium",
    "image_path": "/location/435.webp",
    "town": "",
    "use": ""
  },
  {
    "id": 436,
    "name": "The Lofts at Springfield Elementary",
    "image_path": "/location/436.webp",
    "town": "",
    "use": "Residential"
  },
  {
    "id": 437,
    "name": "The Pimento Grove",
    "image_path": "/location/437.webp",
    "town": "Springfield",
    "use": "Restaurant"
  },
  {
    "id": 438,
    "name": "The Seething Sisters",
    "image_path": "/location/438.webp",
    "town": "Springfield",
    "use": "Restaurant & gas station"
  },
  {
    "id": 439,
    "name": "The Springfield Shopper Building",
    "image_path": "/location/439.webp",
    "town": "Springfield",
    "use": "Newspaper publishing"
  },
  {
    "id": 440,
    "name": "The Tam O'Shanter Connection",
    "image_path": "/location/440.webp",
    "town": "Springfield",
    "use": "Shop"
  },
  {
    "id": 441,
    "name": "Tibet",
    "image_path": "/location/441.webp",
    "town": "",
    "use": ""
  },
  {
    "id": 442,
    "name": "Tokyo",
    "image_path": "/location/442.webp",
    "town": "",
    "use": "City"
  },
  {
    "id": 443,
    "name": "Top It Off",
    "image_path": "/location/443.webp",
    "town": "Springfield",
    "use": "Store"
  },
  {
    "id": 444,
    "name": "Towne Centre at Springfielde Glenne",
    "image_path": "/location/444.webp",
    "town": "Springfield",
    "use": "Shopping Centre"
  },
  {
    "id": 445,
    "name": "Try-N-Save",
    "image_path": "/location/445.webp",
    "town": "Springfield",
    "use": "Store"
  },
  {
    "id": 446,
    "name": "Tunisia",
    "image_path": "/location/446.webp",
    "town": "",
    "use": ""
  },
  {
    "id": 447,
    "name": "Turkey",
    "image_path": "/location/447.webp",
    "town": "",
    "use": ""
  },
  {
    "id": 448,
    "name": "Uganda",
    "image_path": "/location/448.webp",
    "town": "",
    "use": ""
  },
  {
    "id": 449,
    "name": "Ukraine",
    "image_path": "/location/449.webp",
    "town": "",
    "use": ""
  },
  {
    "id": 450,
    "name": "Uruguay",
    "image_path": "/location/450.webp",
    "town": "",
    "use": ""
  },
  {
    "id": 451,
    "name": "Venezuela",
    "image_path": "/location/451.webp",
    "town": "",
    "use": ""
  },
  {
    "id": 452,
    "name": "VHS Village",
    "image_path": "/location/452.webp",
    "town": "Springfield",
    "use": "Video store"
  },
  {
    "id": 453,
    "name": "Vietnam",
    "image_path": "/location/453.webp",
    "town": "",
    "use": ""
  },
  {
    "id": 454,
    "name": "Vulgari",
    "image_path": "/location/454.webp",
    "town": "SpringfieldAspen",
    "use": "Jewelry store"
  },
  {
    "id": 455,
    "name": "Wall E. Weasel's",
    "image_path": "/location/455.webp",
    "town": "Springfield",
    "use": "Family entertainment center"
  },
  {
    "id": 456,
    "name": "Washington D.C.",
    "image_path": "/location/456.webp",
    "town": "",
    "use": ""
  },
  {
    "id": 457,
    "name": "Waterfront",
    "image_path": "/location/457.webp",
    "town": "Springfield",
    "use": "Boardwalk"
  },
  {
    "id": 458,
    "name": "Waverly Hills",
    "image_path": "/location/458.webp",
    "town": "Springfield",
    "use": ""
  },
  {
    "id": 459,
    "name": "Waverly Hills Elementary School",
    "image_path": "/location/459.webp",
    "town": "Waverly Hills",
    "use": "Education"
  },
  {
    "id": 460,
    "name": "Waynesport",
    "image_path": "/location/460.webp",
    "town": "",
    "use": ""
  },
  {
    "id": 461,
    "name": "Wee Monsieur",
    "image_path": "/location/461.webp",
    "town": "Springfield",
    "use": "Clothing store"
  },
  {
    "id": 462,
    "name": "West Oak Street",
    "image_path": "/location/462.webp",
    "town": "Springfield",
    "use": "Street"
  },
  {
    "id": 463,
    "name": "West Springfield",
    "image_path": "/location/463.webp",
    "town": "Springfield",
    "use": "Region"
  },
  {
    "id": 464,
    "name": "White House",
    "image_path": "/location/464.webp",
    "town": "Washington D.C",
    "use": "Office for the President, his Cabinet, and the private quarters of the Presidential family"
  },
  {
    "id": 465,
    "name": "Willie's shack",
    "image_path": "/location/465.webp",
    "town": "Springfield",
    "use": "Home"
  },
  {
    "id": 466,
    "name": "World Trade Center",
    "image_path": "/location/466.webp",
    "town": "New York City",
    "use": "Buildings"
  },
  {
    "id": 467,
    "name": "X-Mas Trees Slightly Irregular",
    "image_path": "/location/467.webp",
    "town": "Springfield",
    "use": "Christmas tree lot"
  },
  {
    "id": 468,
    "name": "Yale University",
    "image_path": "/location/468.webp",
    "town": "New Haven, Connecticut",
    "use": "University"
  },
  {
    "id": 469,
    "name": "Ye Olde Anchor Shoppe",
    "image_path": "/location/469.webp",
    "town": "Springfield",
    "use": ""
  },
  {
    "id": 470,
    "name": "Ye Olde Chocolate Shoppe",
    "image_path": "/location/470.webp",
    "town": "The Land of Chocolate",
    "use": "Chocolate shop"
  },
  {
    "id": 471,
    "name": "Ye Olde Off-Ramp Inn",
    "image_path": "/location/471.webp",
    "town": "Springfield",
    "use": "Inn"
  },
  {
    "id": 472,
    "name": "Yemen",
    "image_path": "/location/472.webp",
    "town": "",
    "use": ""
  },
  {
    "id": 473,
    "name": "Yogurt Nook",
    "image_path": "/location/473.webp",
    "town": "Springfield",
    "use": "Yogurt store"
  },
  {
    "id": 474,
    "name": "Yuk-ingham Palace",
    "image_path": "/location/474.webp",
    "town": "",
    "use": "Joke Shop"
  },
  {
    "id": 475,
    "name": "Zesty's",
    "image_path": "/location/475.webp",
    "town": "Springfield",
    "use": "Restaurant"
  },
  {
    "id": 476,
    "name": "Ziffcorp",
    "image_path": "/location/476.webp",
    "town": "",
    "use": ""
  },
  {
    "id": 477,
    "name": "Zip Zap and 'Za Pizza Arcade",
    "image_path": "/location/477.webp",
    "town": "Springfield",
    "use": "RestaurantArcade"
  }
]